<?xml version="1.0" encoding="UTF-8"?>
<bean:beans
	xmlns:bean="http://www.springframework.org/schema/beans"
	xmlns:xsi="http://www.w3.org/2001/XMLSchema-instance"
	xmlns="http://www.springframework.org/schema/security"
	xsi:schemaLocation="http://www.springframework.org/schema/beans 
		http://www.springframework.org/schema/beans/spring-beans.xsd 
		http://www.springframework.org/schema/security 
		http://www.springframework.org/schema/security/spring-security.xsd">

	<http auto-config="true">
		<intercept-url pattern="/" access="permitAll" />
		<intercept-url pattern="/listarCapacitacion" access="hasAnyAuthority('ADMIN', 'USER')" />
		<intercept-url pattern="/editar/*" access="hasAnyAuthority('ADMIN')" />
		<intercept-url pattern="/listarUsuario" access="hasAnyAuthority('ADMIN')" />
		
		<intercept-url pattern="/listadopago" access="hasAnyAuthority('ADMIN', 'USER')"/>
		<intercept-url pattern="/listadovisitas" access="hasAnyAuthority('ADMIN', 'USER')" />
		<intercept-url pattern="/listadochequeo" access="hasAnyAuthority('ADMIN', 'USER')" />
		

		<form-login login-page="/login"
			authentication-failure-url="/error"
			username-parameter="username"
			password-parameter="password"/>
		<csrf disabled="true"/>
		<logout logout-success-url="/login"/>
	</http>


	<authentication-manager> 
			<authentication-provider> 
				<password-encoder hash="bcrypt"/> 
				<user-service> 
					<user name="super" authorities="ADMIN" password="$2a$10$il6bqb0fFyqXH6gwUryozeS9V6FNp36qQRF5w3epWa6zUw9NGMiq." 
		/> </user-service> </authentication-provider> </authentication-manager>

<!-- 	<authentication-manager>
		<authentication-provider>
			<password-encoder hash="bcrypt" />
			<jdbc-user-service data-source-ref="ds"
				users-by-username-query="select username as username, password as password, 1 as enabled from users where username = ? "
				authorities-by-username-query="select username as username, rol as authority from users where username = ? "
			/>
		
		</authentication-provider>
	</authentication-manager>
 -->
</bean:beans>
 